{
    "name": "jReadWrite",
    "config": {
        "jWrite_StackDepth": {
            "help": "max nesting depth of objects/arrays",
            "macro_name": "JWRITE_STACK_DEPTH",
            "value": 32,
            "required": true
        },
        "jWrite_GlobalControlStruct": {
            "help": "If null use applic-supplied jWriteControl",
            "macro_name": "JW_GLOBAL_CONTROL_STRUCT",
            "value": null
        },
        "jRead_DoubleQuoteInQuery": {
            "help": "If null use double quote insted of single, i.e.  {\"key\" instead of {'key'",
            "macro_name": "JREAD_DOUBLE_QUOTE_IN_QUERY",
            "value": null
        },
        "jRead_ExportOptionalFunvtions": {
            "help": "Export Optional Helper Functions in jRead.h, set value to null to keep private",
            "macro_name": "EXPORT_OPTIONAL_FUNCTIONS",
            "value": true
        }       
    }
}
